{"map_info": {"height": 204.53342955266643, "width": 270.34143433711995}}